isic_id,target
ISIC_0015657,0.9391676068385945
ISIC_0015729,0.8091074151214757
ISIC_0015740,0.9556046035777086
