{"age_approx": {"min": 20.0, "max": 85.0, "median": 60.0}, "clin_size_long_diam_mm": {"min": 1.01, "max": 18.94, "median": 3.86}, "tbp_lv_A": {"min": 4.97173609928277, "max": 43.71767, "median": 20.91897}, "tbp_lv_Aext": {"min": 4.82673728646168, "max": 35.86719, "median": 15.6101919976712}, "tbp_lv_B": {"min": 2.87090682531998, "max": 45.89947, "median": 26.00386}, "tbp_lv_Bext": {"min": 12.63714, "max": 42.7182640268645, "median": 25.74703}, "tbp_lv_C": {"min": 7.71566723018107, "max": 54.04875, "median": 33.95963}, "tbp_lv_Cext": {"min": 17.3816033775081, "max": 47.2633488957824, "median": 30.6744923566845}, "tbp_lv_H": {"min": 7.17466612020466, "max": 67.2582, "median": 51.40642}, "tbp_lv_Hext": {"min": 32.6499628595372, "max": 75.4776867164389, "median": 58.4895}, "tbp_lv_L": {"min": 6.157081, "max": 66.50487, "median": 42.2763500137633}, "tbp_lv_Lext": {"min": 20.5531116727756, "max": 85.56532, "median": 51.6851806570887}, "tbp_lv_areaMM2": {"min": 0.6567836, "max": 141.114655657722, "median": 7.28091574404203}, "tbp_lv_area_perim_ratio": {"min": 11.1344464995649, "max": 49.86905, "median": 17.75297}, "tbp_lv_color_std_mean": {"min": 0.0, "max": 8.009495, "median": 1.189987}, "tbp_lv_deltaA": {"min": -8.28094316664701, "max": 29.8077377575014, "median": 4.94003331579203}, "tbp_lv_deltaB": {"min": -15.339216757196, "max": 9.74888, "median": 0.5608512}, "tbp_lv_deltaL": {"min": -34.69047, "max": -2.58700723729582, "median": -8.671802}, "tbp_lv_deltaLB": {"min": 2.96265357732773, "max": 37.7161, "median": 9.277611}, "tbp_lv_deltaLBnorm": {"min": 3.03506582841093, "max": 30.34092, "median": 7.360872}, "tbp_lv_eccentricity": {"min": 0.1605282, "max": 0.9568809, "median": 0.751088564120245}, "tbp_lv_minorAxisMM": {"min": 0.5479452, "max": 13.0310664764822, "median": 2.65811162452175}, "tbp_lv_nevi_confidence": {"min": 1.431412e-29, "max": 99.9997, "median": 2.666171}, "tbp_lv_norm_border": {"min": 1.00627887685785, "max": 10.0, "median": 3.10274569818084}, "tbp_lv_norm_color": {"min": 0.0, "max": 10.0, "median": 3.45358327459788}, "tbp_lv_perimeterMM": {"min": 2.80620292797789, "max": 76.01962, "median": 11.75899}, "tbp_lv_radial_color_std_max": {"min": 0.0, "max": 7.02039093908747, "median": 1.104453}, "tbp_lv_stdL": {"min": 0.490104838585674, "max": 14.0043941402457, "median": 2.530281}, "tbp_lv_stdLExt": {"min": 0.967129370682376, "max": 15.73316, "median": 2.29853170086617}, "tbp_lv_symm_2axis": {"min": 0.07603306, "max": 0.767032967032967, "median": 0.2866242}, "tbp_lv_symm_2axis_angle": {"min": 0.0, "max": 175.0, "median": 90.0}, "tbp_lv_x": {"min": -499.48193359375, "max": 509.006988525391, "median": -6.678332}, "tbp_lv_y": {"min": -106.712341308594, "max": 1864.87866210938, "median": 1226.83020019531}, "tbp_lv_z": {"min": -218.2009, "max": 235.836791992188, "median": 45.40997}}